{"cameraMode":{"drawMode":0,"name":"Shaded","section":"Shading Mode"},"sceneLighting":true,"audioPlay":false,"sceneViewState":{"showFog":true,"showMaterialUpdate":false,"showSkybox":true,"showFlares":true,"showImageEffects":true,"showParticleSystems":true},"in2DMode":false,"pivot":{"x":-1.2254142761230469,"y":4.4674835205078129,"z":3.3496956825256349},"rotation":{"x":-0.05687017738819122,"y":-0.9190427660942078,"z":0.3632827699184418,"w":-0.1427243947982788},"size":7.966248035430908,"orthographic":false}