{"cameraMode":{"drawMode":0,"name":"Shaded","section":"Shading Mode"},"sceneLighting":true,"audioPlay":false,"sceneViewState":{"showFog":true,"showMaterialUpdate":false,"showSkybox":true,"showFlares":true,"showImageEffects":true,"showParticleSystems":true},"in2DMode":false,"pivot":{"x":-2.6752471923828127,"y":-2.4985761642456056,"z":-1.9266022443771363},"rotation":{"x":0.12790744006633759,"y":-0.8219501972198486,"z":0.5167781710624695,"w":0.20311275124549867},"size":9.266493797302246,"orthographic":false}