{"cameraMode":{"drawMode":0,"name":"Shaded","section":"Shading Mode"},"sceneLighting":true,"audioPlay":false,"sceneViewState":{"showFog":true,"showMaterialUpdate":false,"showSkybox":true,"showFlares":true,"showImageEffects":true,"showParticleSystems":true},"in2DMode":false,"pivot":{"x":-2.3865275382995607,"y":-1.8533496856689454,"z":1.7320647239685059},"rotation":{"x":0.3935140371322632,"y":-0.45168009400367739,"z":0.23187732696533204,"w":0.7664682865142822},"size":7.115701675415039,"orthographic":false}